{"CH4": [0.96675, 0.948875, 0.912125, 0.873375, 0.803625, 0.742875, 0.73125, 0.749375, 0.753125, 0.75875, 0.764625, 0.779625, 0.78825, 0.791875, 0.751, 0.720875, 0.698125], "CO": [0.950125, 0.940625, 0.925875, 0.88175, 0.816, 0.74275, 0.726375, 0.72825, 0.74425, 0.76475, 0.8225, 0.86975, 0.891875, 0.85125, 0.785125, 0.727625, 0.709125], "NH3": [0.98225, 0.97925, 0.968875, 0.919125, 0.83125, 0.757625, 0.74125, 0.769125, 0.8125, 0.862875, 0.903375, 0.913, 0.885875, 0.829375, 0.763875, 0.722, 0.708875], "H2O": [0.9425, 0.93875, 0.926, 0.879625, 0.80925, 0.75025, 0.732125, 0.740125, 0.758375, 0.760625, 0.76525, 0.77725, 0.795, 0.798375, 0.75875, 0.72075, 0.71725]}