{"CH4": [0.999875, 1.0, 1.0, 1.0, 0.999875, 0.999375, 0.99975, 0.9995, 0.9995, 0.9995, 0.999875, 0.999375, 0.9995, 0.9995, 0.999125, 0.99875, 0.99625], "CO": [1.0, 1.0, 0.999875, 1.0, 0.9995, 0.999875, 0.999875, 0.999875, 0.999875, 0.999375, 0.999875, 0.99975, 0.99975, 0.99975, 0.99875, 0.99725, 0.997375], "NH3": [1.0, 0.99975, 1.0, 0.999625, 1.0, 0.99975, 0.999625, 0.99975, 0.99975, 0.999875, 0.999625, 0.999375, 0.99975, 0.99875, 0.998375, 0.9975, 0.9975], "H2O": [1.0, 0.999875, 0.999875, 0.999625, 0.999625, 0.999625, 1.0, 1.0, 0.999875, 0.999625, 1.0, 0.999875, 0.99975, 0.9995, 0.99925, 0.99825, 0.99625]}