{"CH4": [0.999875, 1.0, 1.0, 1.0, 0.99975, 0.99975, 0.99975, 0.99925, 0.999125, 0.998625, 0.998625, 0.998375, 0.9985, 0.998625, 0.99875, 0.9935, 0.967375], "CO": [0.99975, 0.999, 0.9975, 0.998125, 0.998875, 0.999125, 0.99925, 0.99975, 0.999625, 0.9985, 0.998625, 0.998625, 0.998875, 0.99925, 0.99875, 0.99425, 0.97475], "NH3": [1.0, 0.999625, 0.999375, 0.997875, 0.993875, 0.992875, 0.9965, 0.996625, 0.997125, 0.99125, 0.99175, 0.992875, 0.997, 0.992875, 0.981875, 0.9525, 0.924875], "H2O": [1.0, 0.999875, 1.0, 0.999625, 0.99975, 0.99975, 0.99975, 0.999625, 0.999, 0.999, 0.997, 0.99625, 0.9975, 0.998625, 0.998625, 0.996125, 0.97575]}