{"CH4": [0.244625, 0.24575, 0.23975, 0.243125, 0.240875, 0.22925, 0.232625, 0.22675, 0.24425, 0.245, 0.252625, 0.25625, 0.252875, 0.25575, 0.245625, 0.241375, 0.24375], "CO": [0.247, 0.242, 0.245375, 0.23775, 0.228375, 0.236875, 0.235125, 0.240125, 0.243125, 0.247, 0.244, 0.248125, 0.239, 0.23625, 0.23475, 0.239875, 0.234125], "NH3": [0.259125, 0.237125, 0.239, 0.238625, 0.234125, 0.237, 0.23975, 0.243875, 0.227875, 0.241, 0.251375, 0.25975, 0.25875, 0.2525, 0.245, 0.233625, 0.243875], "H2O": [0.23225, 0.241125, 0.244875, 0.235, 0.23525, 0.241, 0.238625, 0.23725, 0.247, 0.247625, 0.251, 0.25925, 0.246875, 0.249375, 0.243375, 0.243625, 0.239625]}