{"CH4": [0.237375, 0.23, 0.234375, 0.232125, 0.236125, 0.236375, 0.221375, 0.236125, 0.233875, 0.233875, 0.2395, 0.245, 0.232, 0.23375, 0.239125, 0.221375, 0.229375], "CO": [0.2355, 0.242, 0.24075, 0.229, 0.236375, 0.235, 0.236, 0.230625, 0.235875, 0.23425, 0.230125, 0.238625, 0.2375, 0.24025, 0.2335, 0.23875, 0.234625], "NH3": [0.2405, 0.234875, 0.23, 0.23625, 0.24325, 0.237125, 0.232125, 0.2375, 0.2385, 0.2335, 0.226375, 0.23325, 0.239125, 0.239375, 0.22775, 0.232625, 0.233875], "H2O": [0.236, 0.2385, 0.237875, 0.237125, 0.2345, 0.233875, 0.219375, 0.2325, 0.24175, 0.24325, 0.23175, 0.241875, 0.243, 0.23825, 0.2365, 0.238125, 0.229125]}