{"CH4": [0.247125, 0.247125, 0.247125, 0.247125, 0.247125, 0.247125, 0.247125, 0.247125, 0.247125, 0.247125, 0.247125, 0.247125, 0.247125, 0.247125, 0.247125, 0.247125, 0.247125], "CO": [0.240375, 0.239625, 0.23925, 0.24025, 0.239125, 0.2515, 0.28575, 0.345375, 0.42225, 0.4515, 0.45775, 0.412625, 0.364125, 0.313125, 0.275, 0.258, 0.247], "NH3": [0.240625, 0.24225, 0.245875, 0.23625, 0.239625, 0.24975, 0.27875, 0.34625, 0.42975, 0.4505, 0.453, 0.402625, 0.37125, 0.326125, 0.276875, 0.251875, 0.246375], "H2O": [0.240125, 0.23625, 0.233, 0.2435, 0.23775, 0.25275, 0.27975, 0.34525, 0.41675, 0.459875, 0.4575, 0.415875, 0.376625, 0.329625, 0.282875, 0.256625, 0.245125]}