{"CH4": [0.999875, 1.0, 0.99975, 0.999625, 0.9995, 0.99925, 0.999375, 0.99875, 0.99875, 0.999, 0.997875, 0.992, 0.983875, 0.966125, 0.942625, 0.912875, 0.8875], "CO": [0.99975, 0.9995, 0.99975, 0.9985, 0.99675, 0.997625, 0.997375, 0.997625, 0.997, 0.9965, 0.9975, 0.99175, 0.97675, 0.944625, 0.895375, 0.83475, 0.78025], "NH3": [0.999875, 0.99975, 1.0, 0.999125, 0.9985, 0.997125, 0.995125, 0.99625, 0.99675, 0.997375, 0.9945, 0.98675, 0.956625, 0.89925, 0.842, 0.827125, 0.816375], "H2O": [1.0, 0.999875, 0.999875, 0.9995, 0.999, 0.99975, 0.999375, 0.9995, 0.99975, 0.9995, 0.998375, 0.99575, 0.978125, 0.93975, 0.8895, 0.837625, 0.7805]}