{"CH4": [0.5485, 0.535875, 0.50425, 0.49325, 0.49575, 0.51325, 0.55025, 0.608375, 0.650125, 0.707625, 0.705125, 0.675, 0.612, 0.5405, 0.475875, 0.416125, 0.339375], "CO": [0.54725, 0.529625, 0.503, 0.4915, 0.503375, 0.520375, 0.55425, 0.60325, 0.65975, 0.698125, 0.69925, 0.680125, 0.608375, 0.5385, 0.47675, 0.41125, 0.33775], "NH3": [0.247125, 0.247125, 0.247125, 0.247125, 0.247125, 0.247125, 0.247125, 0.247125, 0.247125, 0.247125, 0.247125, 0.247125, 0.247125, 0.247125, 0.247125, 0.247125, 0.247125], "H2O": [0.55025, 0.52925, 0.502625, 0.493875, 0.492375, 0.51675, 0.55075, 0.593, 0.648375, 0.700125, 0.7005, 0.667, 0.606875, 0.554625, 0.48625, 0.412375, 0.340875]}