{"CH4": [0.999875, 1.0, 0.999875, 0.999125, 0.998, 0.989, 0.96225, 0.936, 0.94125, 0.961125, 0.964, 0.943125, 0.8825, 0.777, 0.705625, 0.658875, 0.560625], "CO": [0.957, 0.874125, 0.775375, 0.665875, 0.614125, 0.582375, 0.5955, 0.650375, 0.768125, 0.871875, 0.954875, 0.96725, 0.9305, 0.8385, 0.72425, 0.597375, 0.493375], "NH3": [0.999875, 0.999125, 0.995875, 0.969, 0.88325, 0.7805, 0.66775, 0.595625, 0.583625, 0.567875, 0.540125, 0.47875, 0.436, 0.406125, 0.412125, 0.417625, 0.42125], "H2O": [1.0, 0.999875, 0.999375, 0.999, 0.996875, 0.991, 0.966875, 0.923125, 0.919625, 0.93175, 0.945875, 0.958875, 0.921375, 0.842125, 0.71375, 0.605, 0.487875]}