{"CH4": [0.68, 0.685625, 0.683125, 0.687125, 0.685125, 0.6815, 0.697625, 0.697125, 0.6975, 0.70225, 0.703125, 0.7055, 0.710125, 0.708125, 0.704875, 0.706, 0.7], "CO": [0.685125, 0.686375, 0.691375, 0.684625, 0.68675, 0.689375, 0.692625, 0.701375, 0.69375, 0.696375, 0.70225, 0.70575, 0.7005, 0.712875, 0.720625, 0.711, 0.7075], "NH3": [0.691, 0.69175, 0.689375, 0.686625, 0.68325, 0.68675, 0.697875, 0.6965, 0.703125, 0.70725, 0.704375, 0.705125, 0.712, 0.715375, 0.712375, 0.706875, 0.70875], "H2O": [0.684, 0.697625, 0.6905, 0.690875, 0.6775, 0.685, 0.696875, 0.695375, 0.699625, 0.701125, 0.69775, 0.69825, 0.698, 0.710375, 0.70925, 0.704625, 0.7155]}