{"CH4": [0.99725, 0.992, 0.98025, 0.963875, 0.949875, 0.930875, 0.911125, 0.90575, 0.89225, 0.884, 0.875125, 0.8555, 0.8515, 0.826125, 0.820125, 0.82175, 0.826], "CO": [0.99675, 0.99425, 0.981125, 0.959, 0.94775, 0.929875, 0.922, 0.89875, 0.90025, 0.879, 0.8665, 0.86025, 0.83675, 0.82625, 0.8255, 0.82425, 0.823125], "NH3": [0.997, 0.989625, 0.98025, 0.96425, 0.946875, 0.93125, 0.914625, 0.905625, 0.905375, 0.8775, 0.866625, 0.8535, 0.8415, 0.83075, 0.820625, 0.818625, 0.82375], "H2O": [0.684, 0.697625, 0.6905, 0.690875, 0.6775, 0.685, 0.696875, 0.695375, 0.699625, 0.701125, 0.69775, 0.69825, 0.698, 0.710375, 0.70925, 0.704625, 0.7155]}