{"CH4": [0.783, 0.712625, 0.597875, 0.572625, 0.46625, 0.376125, 0.337875, 0.346625, 0.3475, 0.34875, 0.3555, 0.375375, 0.381125, 0.368625, 0.315, 0.281375, 0.258625], "CO": [0.70325, 0.670375, 0.686625, 0.62775, 0.48025, 0.354875, 0.319875, 0.300375, 0.32175, 0.385625, 0.48175, 0.525875, 0.50375, 0.427875, 0.343875, 0.264625, 0.250375], "NH3": [0.943375, 0.9285, 0.865375, 0.693125, 0.472625, 0.332125, 0.306125, 0.352375, 0.424375, 0.53925, 0.593875, 0.588375, 0.524125, 0.431, 0.3315, 0.27575, 0.255375], "H2O": [0.70525, 0.675625, 0.6775, 0.622875, 0.475, 0.355625, 0.32175, 0.32875, 0.3335, 0.349625, 0.357875, 0.364, 0.38625, 0.3605, 0.322125, 0.278125, 0.257125]}