{"CH4": [0.999875, 1.0, 0.99925, 0.99125, 0.96825, 0.9185, 0.88125, 0.88025, 0.87025, 0.873375, 0.882, 0.88125, 0.894, 0.95175, 0.95525, 0.890125, 0.835125], "CO": [0.685125, 0.686375, 0.691375, 0.684625, 0.68675, 0.689375, 0.692625, 0.701375, 0.69375, 0.696375, 0.70225, 0.70575, 0.7005, 0.712875, 0.720625, 0.711, 0.7075], "NH3": [1.0, 0.999625, 0.999, 0.993125, 0.96575, 0.91725, 0.879125, 0.87225, 0.87675, 0.8695, 0.87375, 0.87775, 0.89075, 0.954, 0.95625, 0.884, 0.836375], "H2O": [1.0, 0.999875, 0.999, 0.990125, 0.969625, 0.918375, 0.882125, 0.88075, 0.868125, 0.875875, 0.875375, 0.879, 0.889625, 0.95275, 0.9535, 0.884875, 0.836625]}