{"CH4": [0.957, 0.9605, 0.96775, 0.974625, 0.980375, 0.96875, 0.950375, 0.939875, 0.951625, 0.97275, 0.986375, 0.973, 0.9325, 0.856125, 0.76525, 0.67725, 0.653875], "CO": [0.99025, 0.98, 0.98, 0.987375, 0.98525, 0.957125, 0.92675, 0.91975, 0.947125, 0.9745, 0.986875, 0.974, 0.92625, 0.842625, 0.7455, 0.6905, 0.652875], "NH3": [0.99775, 0.99525, 0.994, 0.995375, 0.990375, 0.978625, 0.96225, 0.9505, 0.973375, 0.987, 0.990125, 0.979125, 0.934, 0.854875, 0.762125, 0.696125, 0.679625], "H2O": [0.985625, 0.983625, 0.984375, 0.989625, 0.99375, 0.991125, 0.982125, 0.97475, 0.984, 0.99025, 0.98725, 0.96975, 0.923, 0.855625, 0.79925, 0.731375, 0.6745]}