{"CH4": [0.57675, 0.59075, 0.6005, 0.603125, 0.54425, 0.500875, 0.4475, 0.41475, 0.563125, 0.722625, 0.731, 0.653125, 0.608125, 0.509875, 0.4395, 0.3865, 0.339125], "CO": [0.649875, 0.615875, 0.5735, 0.546125, 0.467375, 0.409, 0.450125, 0.489625, 0.488875, 0.453625, 0.442125, 0.459375, 0.414125, 0.357125, 0.33575, 0.33075, 0.33875], "NH3": [0.489875, 0.563625, 0.64475, 0.71275, 0.762875, 0.69825, 0.59775, 0.55575, 0.589875, 0.669125, 0.7725, 0.74975, 0.585625, 0.475875, 0.4245, 0.374, 0.336125], "H2O": [0.52475, 0.4975, 0.569875, 0.629375, 0.56875, 0.565, 0.501125, 0.464, 0.508375, 0.558125, 0.5515, 0.494, 0.477875, 0.46875, 0.413875, 0.3325, 0.309875]}