{"CH4": [0.67775, 0.682125, 0.6805, 0.684, 0.684125, 0.680625, 0.694125, 0.70075, 0.69275, 0.6975, 0.706, 0.70925, 0.711625, 0.71325, 0.70575, 0.708875, 0.70225], "CO": [0.6815, 0.68675, 0.684875, 0.684, 0.683375, 0.685375, 0.68925, 0.69775, 0.69275, 0.6975, 0.702, 0.708, 0.697125, 0.712, 0.7155, 0.7085, 0.7115], "NH3": [0.6895, 0.68925, 0.677375, 0.686, 0.684375, 0.6865, 0.694625, 0.696, 0.705125, 0.704875, 0.710625, 0.707375, 0.715875, 0.714125, 0.710875, 0.709625, 0.708], "H2O": [0.683, 0.6885, 0.685125, 0.69, 0.677, 0.687125, 0.69325, 0.69575, 0.7005, 0.700875, 0.7035, 0.711625, 0.705375, 0.708625, 0.708, 0.708375, 0.716625]}