{"CH4": [0.99525, 0.994, 0.994875, 0.994875, 0.994375, 0.994375, 0.995375, 0.996, 0.99475, 0.994375, 0.99075, 0.98225, 0.95175, 0.885125, 0.8, 0.730125, 0.72325], "CO": [0.999625, 0.999375, 0.9995, 0.998625, 0.99425, 0.991375, 0.988375, 0.9865, 0.987875, 0.98925, 0.993875, 0.9815, 0.95175, 0.91225, 0.837875, 0.771625, 0.7285], "NH3": [0.99975, 0.99975, 0.99975, 0.99825, 0.9945, 0.987375, 0.98425, 0.981875, 0.98775, 0.99225, 0.9935, 0.98725, 0.951625, 0.880125, 0.791125, 0.738625, 0.72275], "H2O": [0.999125, 0.999, 0.998625, 0.998125, 0.997375, 0.997625, 0.998, 0.996375, 0.99725, 0.997, 0.99175, 0.98225, 0.954625, 0.8925, 0.822, 0.746875, 0.705875]}