{"CH4": [0.80125, 0.798125, 0.81325, 0.794625, 0.749625, 0.74175, 0.746375, 0.763125, 0.845875, 0.938375, 0.970125, 0.9535, 0.9285, 0.887, 0.825125, 0.787, 0.740625], "CO": [0.836125, 0.824875, 0.806875, 0.773125, 0.765625, 0.746875, 0.796875, 0.84225, 0.85875, 0.831125, 0.79525, 0.771125, 0.752375, 0.7595, 0.76825, 0.7635, 0.754625], "NH3": [0.77275, 0.814625, 0.869625, 0.915625, 0.91425, 0.866125, 0.847625, 0.856875, 0.89225, 0.92725, 0.94075, 0.933375, 0.89675, 0.850875, 0.833375, 0.78825, 0.749625], "H2O": [0.829875, 0.801, 0.8135, 0.840375, 0.818, 0.819875, 0.821125, 0.79875, 0.823875, 0.863125, 0.847125, 0.8115, 0.7835, 0.8155, 0.775375, 0.741, 0.737375]}