{"50": [0.999625, 0.997625, 0.998625, 0.997125, 0.98975, 0.984375, 0.956375, 0.96425, 0.99275, 0.998875, 0.99475, 0.9875, 0.9575, 0.8965, 0.779125, 0.678875, 0.647625], "250": [0.99925, 0.998, 0.9965, 0.9875, 0.979625, 0.968625, 0.969875, 0.976375, 0.9785, 0.97975, 0.971875, 0.954625, 0.9225, 0.87275, 0.742875, 0.74075, 0.58825], "1000": [0.980625, 0.980625, 0.978125, 0.967625, 0.949, 0.942875, 0.914, 0.87625, 0.85825, 0.833625, 0.799875, 0.777375, 0.775625, 0.749875, 0.751875, 0.7505, 0.74475]}