{"50": [0.244125], "250": [0.242375], "1000": [0.3005]}