{"50": [0.999625, 0.999375, 0.999875, 1.0, 0.999625, 0.9995, 0.999875, 0.999375, 0.999875, 1.0, 0.99925, 0.9995, 0.996375, 0.991625, 0.986125, 0.982125, 0.973375], "250": [0.999875, 0.999625, 0.9995, 0.999125, 0.99975, 0.99975, 0.998875, 0.999875, 0.99975, 0.999, 0.999, 0.99625, 0.9965, 0.99025, 0.97325, 0.977375, 0.94475], "1000": [0.99975, 0.999625, 0.9985, 0.9995, 0.998, 0.996375, 0.98875, 0.98425, 0.973375, 0.9675, 0.95325, 0.94875, 0.957375, 0.943625, 0.952375, 0.949875, 0.95]}