{"50": [0.548625], "250": [0.520125], "1000": [0.508625]}