{"50": [0.999625, 0.99825, 0.99875, 0.998, 0.992625, 0.988625, 0.98075, 0.9785, 0.993, 0.99875, 0.9945, 0.986875, 0.959375, 0.913125, 0.808625, 0.72325, 0.729], "250": [0.999, 0.99825, 0.99625, 0.990125, 0.983625, 0.984375, 0.9845, 0.985625, 0.987, 0.98225, 0.973375, 0.95575, 0.926, 0.88425, 0.765875, 0.777125, 0.67325], "1000": [0.989, 0.98725, 0.984375, 0.972875, 0.954, 0.954875, 0.924125, 0.890375, 0.876875, 0.84375, 0.828625, 0.801375, 0.801125, 0.777375, 0.777125, 0.787875, 0.77475]}