{"50": [0.687875, 0.691625, 0.689625, 0.69, 0.6895, 0.6895, 0.699125, 0.693, 0.696, 0.702875, 0.699125, 0.6995, 0.698, 0.702125, 0.710625, 0.708875, 0.70975], "250": [0.68325, 0.687875, 0.688, 0.68275, 0.696, 0.694875, 0.69475, 0.697875, 0.688875, 0.70025, 0.69675, 0.697, 0.703875, 0.700625, 0.706, 0.7035, 0.695375], "1000": [0.68175, 0.688, 0.684375, 0.677875, 0.682875, 0.67175, 0.679, 0.67075, 0.67125, 0.662375, 0.65325, 0.6515, 0.651, 0.657625, 0.650375, 0.662125, 0.657375]}