{"50": [1.0, 0.999875, 0.999875, 0.99975, 0.9995, 0.999875, 1.0, 0.99975, 0.999375, 0.99975, 0.99925, 0.99975, 0.999125, 0.9995, 0.999, 0.995125, 0.97625], "250": [1.0, 0.99975, 0.999625, 0.999875, 0.99975, 0.99975, 0.9995, 0.999625, 0.9995, 0.99975, 0.99875, 0.999125, 0.999125, 0.997875, 0.99175, 0.980125, 0.968125], "1000": [0.99975, 0.999875, 0.999625, 0.99975, 0.999, 0.99925, 0.99775, 0.99375, 0.9895, 0.983625, 0.97825, 0.978, 0.981125, 0.98375, 0.983375, 0.9825, 0.98075]}