{"50": [1.0, 0.99975, 0.999875, 0.999375, 0.99775, 0.999375, 0.99875, 0.998875, 0.9985, 0.9995, 0.99575, 0.990125, 0.973125, 0.950625, 0.89925, 0.88125, 0.860625], "250": [0.999625, 0.9995, 0.998875, 0.999, 0.998375, 0.999, 0.999375, 0.999625, 0.999, 0.995375, 0.985125, 0.97275, 0.953875, 0.923375, 0.885375, 0.885875, 0.832875], "1000": [0.9995, 0.998875, 0.99675, 0.98825, 0.980625, 0.972125, 0.963875, 0.94, 0.93375, 0.911375, 0.89975, 0.882125, 0.876625, 0.863, 0.85475, 0.864625, 0.852875]}