{"50": [1.0, 0.99975, 0.999625, 0.9985, 0.997125, 0.9905, 0.967625, 0.941375, 0.946375, 0.969125, 0.98175, 0.9735, 0.92775, 0.849, 0.782625, 0.734625, 0.66625], "250": [0.999875, 0.998625, 0.997875, 0.995625, 0.98825, 0.97175, 0.958875, 0.95575, 0.954125, 0.95425, 0.94825, 0.924375, 0.890625, 0.841, 0.7835, 0.718625, 0.6395], "1000": [0.969875, 0.971125, 0.96875, 0.956375, 0.947625, 0.9225, 0.907, 0.885875, 0.86075, 0.841, 0.822, 0.796, 0.77825, 0.759375, 0.737375, 0.741125, 0.725]}