{"50": [0.245375], "250": [0.242375], "1000": [0.303625]}