{"50": [0.999625, 0.99775, 0.9985, 0.998125, 0.99125, 0.987375, 0.981, 0.979125, 0.992875, 0.99875, 0.99375, 0.986375, 0.9575, 0.916625, 0.807, 0.725875, 0.744125], "250": [0.99875, 0.998625, 0.996375, 0.990375, 0.983625, 0.98425, 0.984125, 0.986375, 0.987125, 0.98025, 0.975375, 0.9565, 0.927, 0.883875, 0.7705, 0.778625, 0.687625], "1000": [0.98525, 0.98575, 0.984375, 0.975, 0.953375, 0.955625, 0.925125, 0.888625, 0.880375, 0.84925, 0.835375, 0.805375, 0.801125, 0.784375, 0.778125, 0.791125, 0.785375]}