{"50": [1.0, 0.999875, 0.999875, 0.999875, 0.999625, 0.999875, 1.0, 0.999875, 1.0, 1.0, 0.9995, 1.0, 0.999625, 0.999875, 0.999125, 0.99775, 0.99675], "250": [1.0, 0.99975, 0.999875, 0.999875, 0.999875, 0.999875, 0.99975, 0.999875, 0.999875, 0.99975, 1.0, 0.99925, 0.99875, 0.9985, 0.99725, 0.99625, 0.995625], "1000": [0.99975, 0.999875, 0.99975, 0.99975, 0.9995, 0.9995, 0.998375, 0.9975, 0.995625, 0.995875, 0.995, 0.99425, 0.994, 0.99575, 0.99575, 0.996, 0.995625]}