{"f1": [0.68675, 0.68575, 0.690125, 0.685125, 0.683625, 0.6875, 0.693125, 0.6995, 0.697625, 0.6945, 0.7005, 0.703125, 0.7055, 0.7045, 0.71075, 0.702625, 0.706], "f2": [1.0, 0.99975, 0.999875, 0.998625, 0.998, 0.991875, 0.97325, 0.9555, 0.959625, 0.974125, 0.981125, 0.972125, 0.932375, 0.86325, 0.805125, 0.739375, 0.67475], "f3": [0.999, 0.99925, 0.999375, 0.99325, 0.98925, 0.983125, 0.983625, 0.98725, 0.99075, 0.99125, 0.994875, 0.985625, 0.950125, 0.8955, 0.851625, 0.798, 0.707375], "f4": [0.999875, 0.999625, 1.0, 0.999875, 0.9995, 0.999375, 0.999875, 0.999125, 0.99925, 0.9995, 0.999875, 0.99975, 0.999375, 0.995625, 0.99575, 0.986, 0.97675], "f5": [1.0, 0.99975, 1.0, 0.99925, 0.999875, 0.9995, 0.99975, 0.9995, 0.9995, 0.999125, 0.999375, 0.9995, 0.99925, 0.9995, 0.999, 0.995625, 0.975375], "f6": [1.0, 0.99975, 0.999875, 0.99875, 0.999125, 0.99925, 0.99975, 0.999, 0.99925, 0.999, 0.998125, 0.989, 0.97, 0.933, 0.902375, 0.898125, 0.869375], "f7": [1.0, 0.99975, 1.0, 0.99925, 0.999875, 0.9995, 0.99975, 0.9995, 0.9995, 0.999125, 0.999375, 0.9995, 0.99925, 0.9995, 0.999, 0.995625, 0.975375]}