{"f1": [0.6895, 0.68225, 0.693125, 0.688, 0.68925, 0.691875, 0.6925, 0.695375, 0.6965, 0.699875, 0.703125, 0.709, 0.707875, 0.71175, 0.7055, 0.706625, 0.705625], "f2": [1.0, 0.999875, 0.99975, 0.999, 0.997625, 0.993625, 0.97225, 0.958125, 0.960625, 0.972375, 0.981125, 0.975, 0.933125, 0.854625, 0.805, 0.767875, 0.71775], "f3": [0.99975, 0.999625, 0.99975, 0.999875, 0.99825, 0.998, 0.99675, 0.99875, 0.998, 0.998625, 0.996625, 0.988125, 0.961375, 0.906, 0.8655, 0.878, 0.8565], "f4": [1.0, 0.99975, 1.0, 1.0, 0.99975, 1.0, 1.0, 1.0, 1.0, 0.99975, 0.99975, 0.999875, 1.0, 0.9995, 0.998375, 0.988125, 0.9805], "f5": [1.0, 0.999875, 0.999875, 0.99975, 0.999125, 0.9995, 0.999875, 0.999875, 0.998875, 0.998875, 0.9995, 0.999, 0.999375, 0.99975, 0.998875, 0.993625, 0.97725], "f6": [1.0, 0.999875, 1.0, 1.0, 0.99975, 0.999625, 0.999625, 0.999625, 0.9995, 0.99925, 0.99825, 0.991375, 0.9755, 0.943125, 0.920375, 0.954, 0.965875], "f7": [1.0, 0.999875, 0.999875, 0.99975, 0.999125, 0.9995, 0.999875, 0.999875, 0.998875, 0.998875, 0.9995, 0.999, 0.999375, 0.99975, 0.998875, 0.993625, 0.97725]}