{"f1": [0.682, 0.6875, 0.689375, 0.68575, 0.686875, 0.684125, 0.693875, 0.69675, 0.704125, 0.702, 0.694, 0.700875, 0.7025, 0.7105, 0.708875, 0.702125, 0.69975], "f2": [1.0, 0.9995, 0.99975, 0.998625, 0.997875, 0.99025, 0.971375, 0.956625, 0.95625, 0.975375, 0.983, 0.9715, 0.929, 0.8545, 0.793625, 0.745875, 0.666], "f3": [0.999625, 0.998875, 0.999, 0.996625, 0.992625, 0.990875, 0.98975, 0.9885, 0.994625, 0.993625, 0.9945, 0.978875, 0.94775, 0.8705, 0.803875, 0.826625, 0.687875], "f4": [1.0, 0.9995, 0.999875, 0.999625, 0.99775, 0.997, 0.999125, 0.998625, 0.998875, 0.999, 0.9995, 0.99925, 0.997875, 0.995125, 0.99175, 0.99, 0.977375], "f5": [1.0, 0.99975, 1.0, 0.9995, 1.0, 0.999875, 0.9995, 0.999625, 0.999125, 0.999375, 0.99925, 0.99925, 0.99925, 0.999125, 0.99925, 0.995625, 0.97625], "f6": [1.0, 0.9995, 1.0, 0.99925, 0.999125, 0.999375, 0.998875, 0.9985, 0.99875, 0.998625, 0.9975, 0.98625, 0.957375, 0.9125, 0.86825, 0.898875, 0.84625], "f7": [1.0, 0.99975, 1.0, 0.9995, 1.0, 0.999875, 0.9995, 0.999625, 0.999125, 0.999375, 0.99925, 0.99925, 0.99925, 0.999125, 0.99925, 0.995625, 0.97625]}