{"f1": [0.68175, 0.688375, 0.684625, 0.689375, 0.6825, 0.6865, 0.7015, 0.69625, 0.6975, 0.70925, 0.702125, 0.706875, 0.703375, 0.7035, 0.712625, 0.710625, 0.708], "f2": [1.0, 0.999875, 0.999625, 0.999125, 0.997625, 0.989, 0.972375, 0.949375, 0.958625, 0.976625, 0.98075, 0.9765, 0.936625, 0.865875, 0.797875, 0.744875, 0.669125], "f3": [0.99975, 0.998625, 0.99725, 0.997625, 0.9925, 0.983375, 0.9815, 0.981625, 0.99075, 0.991625, 0.9955, 0.986125, 0.9675, 0.9135, 0.83725, 0.8015, 0.747625], "f4": [1.0, 0.99975, 0.9995, 0.999375, 0.99975, 0.999625, 0.999, 0.99875, 0.9995, 0.9995, 0.999625, 0.9995, 0.999, 0.996375, 0.995375, 0.98775, 0.964], "f5": [1.0, 0.99975, 0.999875, 0.999625, 0.99975, 0.999875, 0.99975, 0.99925, 0.999875, 0.999375, 0.999125, 0.999125, 0.998875, 0.9995, 0.998125, 0.99475, 0.97575], "f6": [1.0, 0.999875, 0.999875, 0.999625, 0.99875, 0.998375, 0.998875, 0.99825, 0.999125, 0.998, 0.997875, 0.992125, 0.977, 0.944, 0.90775, 0.89925, 0.86925], "f7": [1.0, 0.99975, 0.999875, 0.999625, 0.99975, 0.999875, 0.99975, 0.99925, 0.999875, 0.999375, 0.999125, 0.999125, 0.998875, 0.9995, 0.998125, 0.99475, 0.97575]}