{"50": [1.0, 0.99975, 0.998875, 0.998375, 0.998, 0.99275, 0.999625, 0.99925, 0.984, 0.984125, 0.98875, 0.993375, 0.977, 0.95975, 0.936875, 0.85375, 0.805], "250": [0.999875, 0.999125, 0.997875, 0.996, 0.98925, 0.9855, 0.984125, 0.975875, 0.986875, 0.986, 0.984125, 0.984625, 0.977875, 0.943125, 0.917375, 0.87875, 0.788625], "500": [0.998375, 0.99425, 0.988125, 0.984875, 0.986625, 0.983875, 0.982, 0.97825, 0.95275, 0.94475, 0.936625, 0.928125, 0.902, 0.829, 0.811875, 0.86225, 0.838875]}