{"f1": [0.689375, 0.68575, 0.682625, 0.68125, 0.699625, 0.696125, 0.700875, 0.699375, 0.698625, 0.701, 0.70375, 0.7045, 0.708375, 0.70925, 0.712125, 0.70625, 0.706375], "f2": [0.99975, 0.999875, 0.99925, 0.99925, 0.998375, 0.9915, 0.974375, 0.959125, 0.956625, 0.972125, 0.983375, 0.97425, 0.9325, 0.8595, 0.8025, 0.74725, 0.67075], "f3": [0.998375, 0.99925, 0.9985, 0.99625, 0.996875, 0.983375, 0.986, 0.977625, 0.988875, 0.9895, 0.9965, 0.9875, 0.9585, 0.904875, 0.830375, 0.764625, 0.86675], "f4": [0.999625, 1.0, 0.99975, 0.99975, 1.0, 0.99975, 0.9995, 0.998625, 0.99925, 0.999, 0.99975, 0.99925, 0.999375, 0.9945, 0.997125, 0.980125, 0.984875], "f5": [0.99975, 0.999875, 0.999625, 0.999875, 0.999625, 0.999875, 0.99975, 0.9995, 0.99925, 0.999, 0.99975, 0.999625, 0.9995, 0.999375, 0.99925, 0.9955, 0.975375], "f6": [0.99975, 0.999875, 0.99975, 0.999625, 0.999, 0.99925, 0.998875, 0.99775, 0.999875, 0.998625, 0.99825, 0.9905, 0.979, 0.9395, 0.913875, 0.8835, 0.934125], "f7": [0.99975, 0.999875, 0.999625, 0.999875, 0.999625, 0.999875, 0.99975, 0.9995, 0.99925, 0.999, 0.99975, 0.999625, 0.9995, 0.999375, 0.99925, 0.9955, 0.975375]}