{"f1": [0.68175, 0.682, 0.687625, 0.686375, 0.682875, 0.687875, 0.70375, 0.6965, 0.702375, 0.69625, 0.700375, 0.708875, 0.699, 0.709375, 0.703625, 0.707875, 0.7105], "f2": [1.0, 1.0, 0.999375, 0.999, 0.998, 0.990625, 0.974125, 0.9605, 0.9575, 0.97875, 0.98075, 0.978625, 0.9325, 0.85125, 0.789625, 0.74575, 0.6755], "f3": [0.999625, 0.999, 0.999, 0.99875, 0.995125, 0.988875, 0.989125, 0.9945, 0.99125, 0.995375, 0.997125, 0.988875, 0.95325, 0.91425, 0.860875, 0.796125, 0.762], "f4": [1.0, 0.999625, 0.999375, 0.999375, 0.999125, 0.99875, 0.995875, 0.9985, 0.99725, 0.9995, 0.99975, 0.99975, 0.997875, 0.994875, 0.98825, 0.976125, 0.98075], "f5": [1.0, 1.0, 1.0, 0.999375, 0.9995, 0.9995, 0.99975, 0.999375, 0.999, 0.99925, 0.9995, 0.9995, 0.99975, 0.999125, 0.998875, 0.99625, 0.980625], "f6": [1.0, 1.0, 0.99975, 0.999, 0.998875, 0.999125, 0.9995, 0.999875, 0.998125, 0.998625, 0.998, 0.99125, 0.959625, 0.93525, 0.91525, 0.88725, 0.87625], "f7": [1.0, 1.0, 1.0, 0.999375, 0.9995, 0.9995, 0.99975, 0.999375, 0.999, 0.99925, 0.9995, 0.9995, 0.99975, 0.999125, 0.998875, 0.99625, 0.980625]}