{"f1": [0.686375, 0.680625, 0.691625, 0.686875, 0.68775, 0.69325, 0.694625, 0.692875, 0.697125, 0.697875, 0.69275, 0.701125, 0.7035, 0.712125, 0.7075, 0.707625, 0.702875], "f2": [1.0, 0.999875, 0.999, 0.998375, 0.997375, 0.991875, 0.976375, 0.956, 0.96275, 0.974375, 0.982875, 0.96925, 0.931375, 0.8555, 0.803875, 0.74925, 0.673], "f3": [0.999125, 0.999625, 0.999375, 0.996125, 0.993625, 0.986625, 0.99, 0.992375, 0.9945, 0.99675, 0.99575, 0.97875, 0.941125, 0.888625, 0.815375, 0.782125, 0.66125], "f4": [0.999625, 1.0, 0.999625, 0.999125, 0.997625, 0.998625, 0.99825, 0.997625, 0.99675, 0.998875, 0.999625, 0.998375, 0.997625, 0.993125, 0.99325, 0.987125, 0.964625], "f5": [1.0, 1.0, 0.999375, 0.999875, 1.0, 0.999875, 1.0, 0.999875, 0.9995, 0.99975, 0.998125, 0.999625, 0.99975, 0.999625, 0.99875, 0.994625, 0.977], "f6": [1.0, 0.999875, 0.999125, 0.999625, 0.999, 0.99925, 0.9995, 0.999125, 0.999, 0.999375, 0.99725, 0.984125, 0.9565, 0.924875, 0.899, 0.88475, 0.851375], "f7": [1.0, 1.0, 0.999375, 0.999875, 1.0, 0.999875, 1.0, 0.999875, 0.9995, 0.99975, 0.998125, 0.999625, 0.99975, 0.999625, 0.99875, 0.994625, 0.977]}