{"f1": [0.6895, 0.685875, 0.67975, 0.68225, 0.689875, 0.692875, 0.696, 0.703125, 0.700625, 0.698625, 0.695, 0.703125, 0.701375, 0.701625, 0.7055, 0.70125, 0.704375], "f2": [0.999875, 0.999875, 0.99975, 0.998875, 0.997125, 0.99225, 0.97275, 0.953375, 0.957375, 0.975625, 0.98275, 0.9735, 0.931, 0.85825, 0.788, 0.753125, 0.680375], "f3": [0.999125, 0.999, 0.9975, 0.995625, 0.992875, 0.984125, 0.98925, 0.98125, 0.976125, 0.98925, 0.9915, 0.975125, 0.97425, 0.929375, 0.88925, 0.832375, 0.747125], "f4": [0.9995, 1.0, 0.999625, 0.99975, 0.999625, 0.99975, 0.999125, 0.999375, 0.9995, 0.999375, 0.9995, 0.99875, 0.998375, 0.996375, 0.993125, 0.986625, 0.95375], "f5": [0.999875, 0.999875, 0.999625, 0.999875, 0.999, 0.99975, 0.9995, 0.99975, 0.999375, 0.999125, 0.999375, 0.9995, 0.999375, 0.999, 0.998375, 0.995, 0.977625], "f6": [0.999875, 0.999875, 0.99975, 0.999625, 0.998625, 0.9985, 0.999125, 0.9985, 0.997875, 0.99875, 0.99775, 0.988375, 0.98, 0.953875, 0.9255, 0.907875, 0.886625], "f7": [0.999875, 0.999875, 0.999625, 0.999875, 0.999, 0.99975, 0.9995, 0.99975, 0.999375, 0.999125, 0.999375, 0.9995, 0.999375, 0.999, 0.998375, 0.995, 0.977625]}