{"CH4": [0.680875, 0.68, 0.678625, 0.684, 0.6825, 0.679875, 0.695125, 0.69575, 0.69525, 0.69875, 0.698625, 0.70075, 0.700125, 0.706125, 0.7025, 0.703, 0.698], "CO": [0.6845, 0.68475, 0.685875, 0.682, 0.681875, 0.681125, 0.695125, 0.7015, 0.6925, 0.695125, 0.703125, 0.701375, 0.70025, 0.708625, 0.71825, 0.709625, 0.706375], "NH3": [0.687875, 0.69275, 0.681125, 0.69125, 0.681, 0.682125, 0.695, 0.697625, 0.698, 0.701, 0.69775, 0.702, 0.705375, 0.712625, 0.710125, 0.708625, 0.70625]}