{"CH4": [0.5565, 0.543375, 0.543875, 0.562625, 0.5195, 0.428125, 0.42, 0.468625, 0.563375, 0.66475, 0.641375, 0.551125, 0.553, 0.532, 0.47475, 0.395875, 0.32825], "CO": [0.71, 0.64125, 0.59275, 0.525, 0.430875, 0.398875, 0.38725, 0.41125, 0.475125, 0.5, 0.4655, 0.517125, 0.440625, 0.3485, 0.324, 0.32775, 0.31975], "NH3": [0.564, 0.571125, 0.55375, 0.643375, 0.6785, 0.658625, 0.548125, 0.498125, 0.5305, 0.672125, 0.7795, 0.774625, 0.64975, 0.534375, 0.463875, 0.392625, 0.357125]}