{"CH4": [0.999875, 0.99925, 0.99325, 0.955875, 0.87425, 0.770375, 0.654, 0.567875, 0.508, 0.488, 0.458625, 0.44225, 0.379125, 0.3095, 0.267875, 0.263375, 0.247125], "CO": [0.247125, 0.247125, 0.247125, 0.247125, 0.247125, 0.247125, 0.247125, 0.247125, 0.247125, 0.247125, 0.247125, 0.247125, 0.247125, 0.247125, 0.247125, 0.247125, 0.247125], "NH3": [0.999875, 0.998625, 0.993625, 0.9635, 0.872875, 0.768375, 0.66, 0.564625, 0.514, 0.47575, 0.46275, 0.437375, 0.37275, 0.31675, 0.276625, 0.260125, 0.252875]}