{"CH4": [0.998375, 0.998125, 0.99825, 0.998375, 0.998375, 0.998, 0.998125, 0.99875, 0.997875, 0.99825, 0.998125, 0.99825, 0.997375, 0.994875, 0.989875, 0.981875, 0.976125], "CO": [0.99975, 0.999875, 0.99975, 0.9995, 0.999, 0.9985, 0.999375, 0.9985, 0.99825, 0.997875, 0.9995, 0.99725, 0.994375, 0.99275, 0.986125, 0.9785, 0.96875], "NH3": [1.0, 1.0, 0.999875, 0.999, 0.998625, 0.998625, 0.997875, 0.99625, 0.99725, 0.99775, 0.998625, 0.999, 0.997125, 0.996125, 0.994375, 0.991625, 0.983375]}