{"CH4": [0.997875, 0.992, 0.985, 0.979, 0.9835, 0.98475, 0.96975, 0.962, 0.948625, 0.94625, 0.956, 0.948375, 0.934, 0.915, 0.88675, 0.84725, 0.778625], "CO": [0.9985, 0.994125, 0.98325, 0.97925, 0.987, 0.986375, 0.971125, 0.9565, 0.951375, 0.949875, 0.95375, 0.9485, 0.933, 0.91325, 0.890125, 0.842375, 0.7855], "NH3": [0.691, 0.69175, 0.689375, 0.686625, 0.68325, 0.68675, 0.697875, 0.6965, 0.703125, 0.70725, 0.704375, 0.705125, 0.712, 0.715375, 0.712375, 0.706875, 0.70875]}