{"CH4": [0.24125, 0.2425, 0.241, 0.237125, 0.237625, 0.246125, 0.263875, 0.32625, 0.39475, 0.452875, 0.45675, 0.424625, 0.3865, 0.32025, 0.281625, 0.26425, 0.255375], "CO": [0.235875, 0.24, 0.237875, 0.241, 0.23925, 0.24775, 0.27175, 0.3255, 0.401125, 0.442, 0.44825, 0.42175, 0.37225, 0.31875, 0.286125, 0.253125, 0.258375], "NH3": [0.241125, 0.241, 0.24625, 0.23875, 0.240625, 0.244375, 0.270125, 0.325625, 0.4015, 0.434875, 0.454375, 0.420875, 0.382, 0.325625, 0.2795, 0.26475, 0.26]}