{"CH4": [0.476375, 0.53375, 0.592625, 0.647, 0.70375, 0.661, 0.497875, 0.403, 0.3745, 0.36725, 0.337625, 0.314125, 0.306, 0.298125, 0.30575, 0.2875, 0.292125], "CO": [0.61425, 0.60225, 0.65175, 0.687375, 0.704625, 0.632875, 0.500875, 0.458, 0.498375, 0.555625, 0.54125, 0.519875, 0.52425, 0.4575, 0.335875, 0.28525, 0.262625], "NH3": [0.556625, 0.643375, 0.7565, 0.724875, 0.670375, 0.60375, 0.57875, 0.638, 0.7665, 0.771875, 0.646375, 0.5095, 0.452375, 0.366625, 0.29225, 0.262125, 0.271625]}