{"CH4": [0.80875, 0.86325, 0.914, 0.932625, 0.938875, 0.901375, 0.822125, 0.795, 0.780125, 0.76525, 0.74925, 0.74225, 0.7445, 0.739, 0.738875, 0.725, 0.7185], "CO": [0.82375, 0.861, 0.90575, 0.931125, 0.94925, 0.94, 0.8955, 0.853375, 0.86175, 0.875125, 0.87525, 0.866125, 0.839375, 0.813375, 0.759, 0.7195, 0.713625], "NH3": [0.835125, 0.87875, 0.938875, 0.95325, 0.946125, 0.9275, 0.934875, 0.9395, 0.949375, 0.925625, 0.867875, 0.795125, 0.773875, 0.763, 0.734875, 0.714875, 0.7135]}