{"CH4": [0.78375, 0.75875, 0.763375, 0.762125, 0.748125, 0.735875, 0.74825, 0.81075, 0.8535, 0.8985, 0.934375, 0.912375, 0.90475, 0.88325, 0.84125, 0.79425, 0.7375], "CO": [0.898125, 0.886, 0.865625, 0.8205, 0.761625, 0.739, 0.761, 0.79175, 0.854625, 0.8665, 0.85775, 0.850625, 0.798, 0.755375, 0.743375, 0.736875, 0.722375], "NH3": [0.89175, 0.868625, 0.852375, 0.874875, 0.891125, 0.841125, 0.806875, 0.816, 0.88225, 0.92975, 0.94075, 0.938125, 0.900625, 0.867, 0.8555, 0.807, 0.770875]}