{"CH4": [0.68, 0.685625, 0.683125, 0.687125, 0.685125, 0.6815, 0.697625, 0.697125, 0.6975, 0.70225, 0.703125, 0.7055, 0.710125, 0.708125, 0.704875, 0.706, 0.7], "CO": [0.996875, 0.9935, 0.981125, 0.95925, 0.948125, 0.929375, 0.92625, 0.92025, 0.904125, 0.883875, 0.864375, 0.842625, 0.8005, 0.773625, 0.735875, 0.716, 0.713375], "NH3": [0.996625, 0.9895, 0.980875, 0.966625, 0.948, 0.931375, 0.926375, 0.927375, 0.90875, 0.88225, 0.865625, 0.837875, 0.812375, 0.774125, 0.738375, 0.716125, 0.711875]}