{"50": [0.45325, 0.4375, 0.456375, 0.46225, 0.422375, 0.41125, 0.40525, 0.444125, 0.4905, 0.48975, 0.505375, 0.455875, 0.38975, 0.328, 0.302375, 0.2645, 0.25925], "250": [0.44775, 0.441875, 0.430125, 0.40775, 0.393375, 0.34525, 0.351125, 0.382375, 0.40175, 0.411, 0.400125, 0.384875, 0.362, 0.326125, 0.299375, 0.273875, 0.278625], "1000": [0.316125, 0.311625, 0.310625, 0.299625, 0.30175, 0.296625, 0.29175, 0.2895, 0.285375, 0.2955, 0.302625, 0.305875, 0.304625, 0.29625, 0.320125, 0.31975, 0.330625]}