{"50": [0.953375, 0.865625, 0.777125, 0.67075, 0.593625, 0.565125, 0.59325, 0.632625, 0.70525, 0.824625, 0.90425, 0.939625, 0.91975, 0.835, 0.706625, 0.590375, 0.48825], "250": [0.867375, 0.795625, 0.71575, 0.634375, 0.594, 0.58, 0.58925, 0.623, 0.691, 0.7765, 0.83925, 0.864375, 0.851125, 0.79375, 0.7005, 0.61125, 0.50175], "1000": [0.676875, 0.698375, 0.704125, 0.71125, 0.71325, 0.705375, 0.704875, 0.676125, 0.65775, 0.6405, 0.60275, 0.597375, 0.595875, 0.58325, 0.5815, 0.593125, 0.61025]}