{"50": [0.243, 0.2415, 0.2375, 0.24175, 0.243125, 0.2425, 0.2765, 0.363875, 0.42525, 0.452875, 0.468875, 0.403125, 0.36375, 0.3225, 0.288125, 0.262625, 0.247375], "250": [0.23975, 0.245625, 0.24375, 0.24, 0.250625, 0.272375, 0.309375, 0.348625, 0.377125, 0.391, 0.377375, 0.3565, 0.32525, 0.309375, 0.283125, 0.2665, 0.2575], "1000": [0.29975, 0.301875, 0.302, 0.297, 0.289875, 0.28725, 0.280375, 0.28, 0.277125, 0.27975, 0.2835, 0.282875, 0.280625, 0.28225, 0.288375, 0.28975, 0.289875]}