{"50": [1.0, 0.999375, 0.99425, 0.9655, 0.886625, 0.783875, 0.675125, 0.58375, 0.54, 0.527625, 0.536625, 0.462625, 0.389, 0.329125, 0.293125, 0.268875, 0.25925], "250": [0.996875, 0.9895, 0.970625, 0.91325, 0.8445, 0.748, 0.640375, 0.565125, 0.500875, 0.469625, 0.44225, 0.406875, 0.3655, 0.324, 0.29325, 0.276625, 0.271875], "1000": [0.75475, 0.720125, 0.684625, 0.640625, 0.621375, 0.589875, 0.580875, 0.55975, 0.529375, 0.513875, 0.4985, 0.470375, 0.433375, 0.410125, 0.388625, 0.364875, 0.34875]}