{"50": [1.0, 0.99975, 0.999625, 0.998375, 0.996625, 0.991, 0.965625, 0.921125, 0.90425, 0.926875, 0.940375, 0.951625, 0.923375, 0.83225, 0.708875, 0.588375, 0.489375], "250": [0.999875, 0.998625, 0.998, 0.995875, 0.98775, 0.9685, 0.944625, 0.937, 0.9245, 0.919, 0.91125, 0.8955, 0.8595, 0.795625, 0.704625, 0.608, 0.501875], "1000": [0.95875, 0.95725, 0.952, 0.94025, 0.932375, 0.899875, 0.88175, 0.85375, 0.825125, 0.79575, 0.767375, 0.7455, 0.724375, 0.703375, 0.676375, 0.66825, 0.654875]}