{"50": [1.0, 0.999375, 0.99425, 0.965875, 0.888, 0.784875, 0.676125, 0.61075, 0.576875, 0.575375, 0.591875, 0.5345, 0.4735, 0.439125, 0.409125, 0.408125, 0.40575], "250": [0.996875, 0.9895, 0.9705, 0.913125, 0.8445, 0.74925, 0.650625, 0.5835, 0.534375, 0.520625, 0.49125, 0.465625, 0.447625, 0.431375, 0.396625, 0.397875, 0.391625], "1000": [0.764875, 0.728125, 0.701375, 0.663, 0.64025, 0.609375, 0.606875, 0.59025, 0.563375, 0.54825, 0.53775, 0.5175, 0.483375, 0.458875, 0.441, 0.428875, 0.41]}