{"50": [0.9545, 0.871375, 0.7815, 0.6775, 0.602, 0.574375, 0.594, 0.659, 0.745625, 0.891875, 0.959, 0.969, 0.9285, 0.833625, 0.712875, 0.594625, 0.490125], "250": [0.868, 0.805125, 0.72775, 0.646375, 0.60475, 0.58175, 0.598125, 0.6445, 0.730625, 0.82425, 0.882125, 0.903625, 0.87625, 0.80075, 0.7035, 0.609625, 0.5105], "1000": [0.694375, 0.727625, 0.7275, 0.73625, 0.7305, 0.721, 0.709375, 0.689125, 0.670875, 0.654125, 0.61425, 0.605875, 0.610125, 0.591375, 0.588375, 0.600125, 0.621125]}