{"50": [1.0, 0.99925, 0.992875, 0.957, 0.874625, 0.774125, 0.6705, 0.572125, 0.50325, 0.474625, 0.459375, 0.4365, 0.386625, 0.32325, 0.27325, 0.26575, 0.252625], "250": [0.996, 0.986875, 0.964875, 0.9015, 0.829625, 0.737125, 0.6255, 0.54275, 0.468625, 0.419125, 0.39425, 0.3705, 0.34375, 0.321125, 0.299875, 0.268, 0.26025], "1000": [0.734625, 0.696625, 0.659125, 0.621875, 0.600375, 0.5695, 0.563875, 0.543875, 0.518375, 0.499375, 0.482375, 0.4575, 0.429125, 0.39425, 0.369625, 0.348625, 0.333125]}