{"50": [1.0, 0.99975, 0.999625, 0.998375, 0.997, 0.991, 0.966125, 0.932875, 0.94025, 0.958625, 0.9645, 0.938875, 0.871875, 0.7795, 0.690125, 0.6255, 0.56275], "250": [0.999875, 0.998625, 0.998, 0.99525, 0.98825, 0.969125, 0.956375, 0.95275, 0.943125, 0.93475, 0.91675, 0.880875, 0.81625, 0.75175, 0.680875, 0.603875, 0.529875], "1000": [0.969625, 0.96675, 0.959, 0.94, 0.926625, 0.89, 0.867375, 0.8425, 0.815, 0.79525, 0.768125, 0.750625, 0.726375, 0.69825, 0.6875, 0.6795, 0.664125]}