{"50": [1.0, 0.999375, 0.994125, 0.965875, 0.88725, 0.7845, 0.67425, 0.579375, 0.51675, 0.491375, 0.474625, 0.4435, 0.395875, 0.360875, 0.38375, 0.3765, 0.392875], "250": [0.996875, 0.9895, 0.97025, 0.91275, 0.843125, 0.747125, 0.633, 0.552125, 0.477125, 0.4315, 0.405875, 0.372, 0.358125, 0.352625, 0.355875, 0.36325, 0.372875], "1000": [0.743, 0.705375, 0.67325, 0.6315, 0.60925, 0.58325, 0.576125, 0.567125, 0.530875, 0.527375, 0.5215, 0.490125, 0.4625, 0.437375, 0.41275, 0.394875, 0.37575]}