{"50": [1.0, 0.99975, 0.999625, 0.99575, 0.973625, 0.90875, 0.807, 0.727875, 0.706875, 0.7635, 0.814375, 0.79075, 0.667625, 0.5575, 0.482375, 0.4215, 0.354375], "250": [1.0, 0.998, 0.993375, 0.966625, 0.92425, 0.856875, 0.79675, 0.7465, 0.71825, 0.724625, 0.704, 0.670625, 0.597625, 0.518, 0.433125, 0.389, 0.35875], "1000": [0.8685, 0.857625, 0.839, 0.80825, 0.784125, 0.75, 0.725, 0.699625, 0.666, 0.644625, 0.627875, 0.60675, 0.58025, 0.549, 0.52475, 0.509, 0.482875]}