{"50": [0.95375, 0.866, 0.774625, 0.670875, 0.5935, 0.566375, 0.59025, 0.631125, 0.703875, 0.836625, 0.904875, 0.836625, 0.701125, 0.583875, 0.49025, 0.4255, 0.3585], "250": [0.866125, 0.794125, 0.712, 0.6315, 0.597125, 0.577625, 0.58575, 0.618625, 0.69075, 0.7595, 0.768125, 0.736125, 0.65625, 0.542875, 0.451375, 0.392625, 0.368125], "1000": [0.668125, 0.69575, 0.692875, 0.676625, 0.655, 0.63175, 0.610125, 0.586625, 0.569, 0.56275, 0.532625, 0.519375, 0.501, 0.48925, 0.495, 0.491625, 0.508875]}