{"50": [0.242125, 0.241625, 0.234625, 0.2415, 0.2385, 0.2415, 0.2685, 0.334625, 0.399875, 0.4435, 0.459375, 0.428375, 0.389125, 0.331875, 0.295125, 0.262875, 0.246625], "250": [0.239375, 0.245375, 0.24325, 0.23775, 0.248375, 0.263375, 0.30275, 0.331375, 0.367125, 0.3785, 0.37375, 0.363875, 0.337375, 0.32475, 0.304375, 0.28425, 0.27125], "1000": [0.295875, 0.303, 0.298375, 0.289625, 0.29725, 0.2885, 0.286375, 0.28525, 0.28525, 0.291375, 0.297125, 0.30225, 0.300875, 0.30225, 0.313125, 0.317, 0.322375]}