{"50": [0.546125, 0.526875, 0.503625, 0.487625, 0.48575, 0.50875, 0.55375, 0.598, 0.652, 0.69025, 0.707375, 0.671, 0.5995, 0.550125, 0.479375, 0.412125, 0.34175], "250": [0.522875, 0.513, 0.51225, 0.489, 0.494375, 0.5135, 0.531, 0.547125, 0.564875, 0.57225, 0.559, 0.53175, 0.481625, 0.44925, 0.403375, 0.380625, 0.3415], "1000": [0.509875, 0.506875, 0.48775, 0.476, 0.467, 0.449875, 0.43875, 0.422875, 0.405, 0.407875, 0.395375, 0.390375, 0.378875, 0.373, 0.38575, 0.383, 0.388]}